slug,title,package_type,confidence,review_status,file_count
air-mail-special,Air Mail Special,related_source_files,medium,needs_review,7
bh-5432,Bh 5432,related_source_files,high,proposed,2
blackberry-blossom,Blackberry Blossom,related_source_files,high,proposed,2
blue-moon,Blue Moon,related_source_files,high,proposed,2
bluegrass-stomp,Bluegrass Stomp,related_source_files,high,proposed,2
charlie-christian-swing-riffs,Charlie Christian Swing Riffs,related_source_files,high,proposed,2
cryin-holy,Cryin Holy,related_source_files,high,proposed,2
dawgs-waltz,Dawgs Waltz,related_source_files,medium,needs_review,6
dawgs-waltz-analysis-octave-down,Dawgs Waltz Analysis Octave Down,related_source_files,high,proposed,2
dawgs-waltz-needs-correction,Dawgs Waltz Needs Correction,related_source_files,high,proposed,3
ernest-t-grass,Ernest T Grass,related_source_files,high,proposed,3
freight-train-stage-a-timing-clean,Freight Train Stage A Timing Clean,related_source_files,high,proposed,2
funky-junk,Funky Junk,related_source_files,medium,needs_review,5
gatekeepers-marbin,Gatekeepers Marbin,related_source_files,high,proposed,3
mando-dawgs-waltz,Mando Dawgs Waltz,related_source_files,high,proposed,2
mando-tg-dawgs-waltz,Mando Tg Dawgs Waltz,related_source_files,high,proposed,2
salt-creek,Salt Creek,related_source_files,high,proposed,2
so-what,So What,related_source_files,high,proposed,2
swing-51,Swing 51,related_source_files,high,proposed,2
take-five,Take Five,related_source_files,high,proposed,3
walls-of-time,Walls Of Time,related_source_files,high,proposed,2
