track_id,track_name,measure_count,sounding_event_count,note_count,chord_event_count,root_bass_note_count,duration_histogram,onset_histogram,rests,measures_repeated_attacks,measures_one_sustained_chord,split_measure_activity,syncopated_events,tie_count,unique_voicing_count,maximum_silent_span,percent_measures_active,sha256,file,modified_time,selection
1,Rhythm / Backing Chords,24,150,528,0,77,"{""4.0"": 124, ""8.0"": 26}","{""0"": 23, ""12"": 4, ""16"": 18, ""20"": 20, ""24"": 22, ""28"": 22, ""4"": 18, ""8"": 23}",16,24,0,24,64,1,14,not-derived,100.0,6aaed6a64b89f9daf349f3339a02d41038f84f25a9006d7d5527356ec93435e3,reviews\setlist\bright_sunny_south\canonical\bright-sunny-south.tg,2026-08-01T06:32:28.428192,candidate
1,Rhythm / Backing Chords,24,150,528,0,77,"{""4.0"": 124, ""8.0"": 26}","{""0"": 23, ""12"": 4, ""16"": 18, ""20"": 20, ""24"": 22, ""28"": 22, ""4"": 18, ""8"": 23}",16,24,0,24,64,1,14,not-derived,100.0,9bd7251de2bf1ac82e777e0037feda18eb50c445bf627bc6f2502bdf9be94b7e,reviews\setlist\bright_sunny_south\phrase_review\bright-sunny-south-Phrase-Review.tg,2026-08-01T06:44:12.926372,candidate
1,Rhythm / Backing Chords,16,105,379,0,63,"{""4.0"": 90, ""8.0"": 15}","{""0"": 15, ""16"": 15, ""20"": 15, ""24"": 15, ""28"": 15, ""4"": 15, ""8"": 15}",1,15,0,15,45,0,10,not-derived,93.75,8b30028c1d9847790de70f9f8dbbe1b85824bab5310ca6b6dd739ef9ddbc66a7,reviews\setlist\cant_you_hear_me_calling\bh_5432_review\cant-you-hear-me-calling-BH5432-Review.tg,2026-08-01T06:32:30.004503,candidate
1,Rhythm / Backing Chords,16,15,74,0,14,"{""32.0"": 15}","{""8"": 15}",0,0,15,0,0,0,3,not-derived,93.75,d2540fccad715a34e08ec3845124085a8d91b332c99fb2bfd53b6ef93d4074d1,reviews\setlist\cant_you_hear_me_calling\canonical\cant-you-hear-me-calling.tg,2026-08-01T06:32:30.526182,candidate
1,Rhythm / Backing Chords,16,15,74,0,14,"{""32.0"": 15}","{""8"": 15}",0,0,15,0,0,0,3,not-derived,93.75,5a5626c473e70c09ca3026377c6e73e678bfa437d56f6c268480b05ca067fc37,reviews\setlist\cant_you_hear_me_calling\phrase_review\cant-you-hear-me-calling-Phrase-Review.tg,2026-08-01T06:44:12.838461,candidate
1,Rhythm / Backing Chords,33,183,592,0,87,"{""2.0"": 123, ""4.0"": 60}","{""0"": 16, ""12"": 15, ""14"": 15, ""16"": 15, ""20"": 15, ""22"": 15, ""24"": 15, ""28"": 15, ""30"": 15, ""4"": 16, ""6"": 15, ""8"": 16}",41,16,0,16,121,0,28,not-derived,48.48,d931df4756ac30ec2592808a04ebacd985ce72a8f8947b4d80b030cf0eeda451,reviews\setlist\dear_old_dixie\bh_5432_review\dear-old-dixie-BH5432-Review.tg,2026-08-01T06:32:32.145041,candidate
1,Rhythm / Backing Chords,33,32,157,0,29,"{""32.0"": 32}","{""8"": 32}",0,0,32,0,0,0,7,not-derived,96.97,34547fc1d19e86d7f4a262edda9cd0f58e9f73bbf578196064e57b08e060941e,reviews\setlist\dear_old_dixie\canonical\dear-old-dixie.tg,2026-08-01T06:32:32.658755,candidate
1,Rhythm / Backing Chords,33,32,157,0,29,"{""32.0"": 32}","{""8"": 32}",0,0,32,0,0,0,7,not-derived,96.97,d6e036e65673b790f6209dc3630bda0b9c36dd61b5f937e41e8dda367fceb1c4,reviews\setlist\dear_old_dixie\phrase_review\dear-old-dixie-Phrase-Review.tg,2026-08-01T06:44:12.813752,candidate
1,Rhythm / Backing Chords,10,124,472,0,56,"{""2.0"": 106, ""4.0"": 18}","{""0"": 9, ""12"": 9, ""14"": 9, ""16"": 9, ""18"": 9, ""2"": 9, ""20"": 8, ""22"": 9, ""24"": 9, ""28"": 9, ""30"": 9, ""4"": 8, ""6"": 9, ""8"": 9}",3,9,0,9,88,0,6,not-derived,90.0,20dcfb5b4fd4053199a714ea05fa11eb29e99aa099e97cdaa65f80acc6da669e,reviews\setlist\dig_a_hole_in_the_meadow\bh_5432_review\dig-a-hole-in-the-meadow-BH5432-Review.tg,2026-08-01T06:32:34.271435,candidate
1,Rhythm / Backing Chords,10,10,50,0,10,"{""16.0"": 2, ""32.0"": 8}","{""24"": 1, ""8"": 9}",0,1,8,1,0,0,2,not-derived,90.0,299878b15def6ea5a28f0be205d21e042d4337b7741fef30cfa7d29cbecc1740,reviews\setlist\dig_a_hole_in_the_meadow\canonical\dig-a-hole-in-the-meadow.tg,2026-08-01T06:32:34.780729,candidate
1,Rhythm / Backing Chords,10,10,50,0,10,"{""16.0"": 2, ""32.0"": 8}","{""24"": 1, ""8"": 9}",0,1,8,1,0,0,2,not-derived,90.0,6ab058a4b9629462e9863698b70020ed7e243f8f89a04c80fa53c76666f27c93,reviews\setlist\dig_a_hole_in_the_meadow\phrase_review\dig-a-hole-in-the-meadow-Phrase-Review.tg,2026-08-01T06:44:12.725127,candidate
1,Rhythm / Backing Chords,25,316,1259,0,194,"{""2.0"": 250, ""4.0"": 66}","{""0"": 24, ""12"": 24, ""14"": 24, ""16"": 24, ""18"": 14, ""2"": 16, ""20"": 24, ""22"": 24, ""24"": 24, ""28"": 24, ""30"": 24, ""4"": 22, ""6"": 24, ""8"": 24}",3,24,0,24,220,0,17,not-derived,96.0,402794cf62b15b946a233249441e6ac2b4e14c0d3436d2010f436db9023a5fa9,reviews\setlist\farewell_blues\canonical\farewell-blues.tg,2026-08-01T06:32:36.389420,candidate
1,Rhythm / Backing Chords,25,316,1259,0,194,"{""2.0"": 250, ""4.0"": 66}","{""0"": 24, ""12"": 24, ""14"": 24, ""16"": 24, ""18"": 14, ""2"": 16, ""20"": 24, ""22"": 24, ""24"": 24, ""28"": 24, ""30"": 24, ""4"": 22, ""6"": 24, ""8"": 24}",3,24,0,24,220,0,17,not-derived,96.0,f1595dd7afc693860735d95d19002c8ea2cd6e4ce4419bf54a285e43d5adc3f1,reviews\setlist\farewell_blues\phrase_review\farewell-blues-Phrase-Review.tg,2026-08-01T06:44:12.871019,candidate
1,Rhythm / Backing Chords,20,214,786,0,110,"{""2.0"": 141, ""4.0"": 73}","{""0"": 18, ""12"": 17, ""14"": 17, ""16"": 18, ""20"": 18, ""22"": 17, ""24"": 18, ""28"": 18, ""30"": 18, ""4"": 18, ""6"": 18, ""8"": 19}",10,18,0,18,141,0,16,not-derived,95.0,36b3d837697252665de026aa26845ad183ea6a1a7aeea79a766ef7ebf8b1af85,reviews\setlist\i_feel_the_blues_movin_in\bh_5432_review\i-feel-the-blues-movin-in-BH5432-Review.tg,2026-08-01T06:32:37.154578,candidate
1,Rhythm / Backing Chords,20,21,103,0,19,"{""16.0"": 4, ""32.0"": 17}","{""24"": 2, ""8"": 19}",0,2,17,2,0,0,3,not-derived,95.0,d9de0654ef23a3246b66d9a2b7d6522ed7d018faef6411e848c8e74c2be143e6,reviews\setlist\i_feel_the_blues_movin_in\canonical\i-feel-the-blues-movin-in.tg,2026-08-01T06:32:38.697805,candidate
1,Rhythm / Backing Chords,20,21,103,0,19,"{""16.0"": 4, ""32.0"": 17}","{""24"": 2, ""8"": 19}",0,2,17,2,0,0,3,not-derived,95.0,ed50156bbabf1c2cb7484555d0b3a8cd67d0bfab90fe9c32b1998a8086d78e27,reviews\setlist\i_feel_the_blues_movin_in\phrase_review\i-feel-the-blues-movin-in-Phrase-Review.tg,2026-08-01T06:44:12.706203,candidate
1,Rhythm / Backing Chords,32,102,454,0,88,"{""1.3333333333333333"": 4, ""16.0"": 22, ""2.6666666666666665"": 4, ""4.0"": 59, ""8.0"": 13}","{""0"": 14, ""10"": 2, ""12"": 6, ""13"": 2, ""16"": 18, ""20"": 8, ""24"": 16, ""28"": 8, ""4"": 8, ""8"": 18, ""9"": 2}",11,30,0,30,36,0,10,not-derived,100.0,78ea885292062fb6cbb5a04ff7862d97cad7b4c77c1c28cdd39a3f97fc6de2c7,reviews\setlist\perfume_powder_and_lead\bh_5432_review\perfume-powder-and-lead-BH5432-Review.tg,2026-08-01T06:32:39.216620,candidate
1,Rhythm / Backing Chords,11,12,58,0,10,"{""16.0"": 4, ""32.0"": 8}","{""24"": 2, ""8"": 10}",0,2,8,2,0,0,3,not-derived,90.91,eb3a7f37cde934971f79934970feeb56b347a7f1ec51fc4389d04a9db1c0bef7,reviews\setlist\perfume_powder_and_lead\canonical\perfume-powder-and-lead.tg,2026-08-01T06:32:40.659876,candidate
1,Rhythm / Backing Chords,11,12,58,0,10,"{""16.0"": 4, ""32.0"": 8}","{""24"": 2, ""8"": 10}",0,2,8,2,0,0,3,not-derived,90.91,453415ec8ee38e8f73901ca2121ff68d72685c072611fc467eefaed9386bd5f6,reviews\setlist\perfume_powder_and_lead\phrase_review\perfume-powder-and-lead-Phrase-Review.tg,2026-08-01T06:44:12.764230,candidate
1,Rhythm / Backing Chords,81,305,1250,0,252,"{""0.6666666666666666"": 2, ""1.0"": 3, ""1.3333333333333333"": 2, ""2.0"": 154, ""4.0"": 141, ""8.0"": 3}","{""0"": 29, ""1"": 1, ""10"": 11, ""11"": 1, ""12"": 26, ""13"": 1, ""14"": 11, ""15"": 2, ""16"": 27, ""17"": 1, ""18"": 9, ""2"": 9, ""20"": 26, ""22"": 9, ""24"": 27, ""26"": 9, ""27"": 1, ""28"": 26, ""29"": 1, ""3"": 1, ""30"": 7, ""31"": 1, ""4"": 28, ""5"": 1, ""6"": 11, ""8"": 28, ""9"": 1}",119,39,0,39,194,3,29,not-derived,50.62,66fabef28307ffb129aa1ad4c66b04a728fc5820ccaa19bbaa5a9e7714e97248,reviews\setlist\rank_strangers\bh_5432_review\rank-strangers-BH5432-Review.tg,2026-08-01T06:32:41.345657,candidate
1,Rhythm / Backing Chords,58,57,280,0,52,"{""32.0"": 57}","{""8"": 57}",0,0,57,0,0,0,6,not-derived,98.28,eb07ad47127d851373700dd0e6691bd801992304a7db4a7eb7a79dafc8641f2d,reviews\setlist\rank_strangers\canonical\rank-strangers.tg,2026-08-01T06:32:42.928355,candidate
1,Rhythm / Backing Chords,58,57,280,0,52,"{""32.0"": 57}","{""8"": 57}",0,0,57,0,0,0,6,not-derived,98.28,244c9acf10354a264d569b7e8e1129098e0a8b0a1bf98612f3410d68146cc82d,reviews\setlist\rank_strangers\phrase_review\rank-strangers-Phrase-Review.tg,2026-08-01T06:44:12.793196,candidate
1,Rhythm / Backing Chords,44,64,325,0,69,"{""16.0"": 32, ""8.0"": 32}","{""0"": 16, ""16"": 16, ""24"": 16, ""8"": 16}",29,32,0,32,0,0,5,not-derived,72.73,3a69c7c796b6565e6a422dc406bca997850f14d170656318b15e87fd29c40a81,reviews\setlist\sarafina\bh_5432_review\sarafina-BH5432-Review.tg,2026-08-01T06:32:43.623662,candidate
1,Rhythm / Backing Chords,33,35,169,0,29,"{""16.0"": 6, ""32.0"": 29}","{""24"": 3, ""8"": 32}",0,3,29,3,0,0,5,not-derived,96.97,511edd0c62ed342fa56f41b849f2a8e46bca590ddf1b48c62bf45b95d2b19123,reviews\setlist\sarafina\canonical\sarafina.tg,2026-08-01T06:32:45.087262,candidate
1,Rhythm / Backing Chords,33,35,169,0,29,"{""16.0"": 6, ""32.0"": 29}","{""24"": 3, ""8"": 32}",0,3,29,3,0,0,5,not-derived,96.97,c37433a37d4327bb2f62c9017d12312e24df96dd3aee96a2feff8ec904c5f91d,reviews\setlist\sarafina\phrase_review\sarafina-Phrase-Review.tg,2026-08-01T06:44:12.751181,candidate
1,Rhythm / Backing Chords,9,113,406,0,57,"{""2.0"": 98, ""4.0"": 15}","{""0"": 8, ""10"": 1, ""12"": 8, ""14"": 8, ""16"": 8, ""18"": 8, ""2"": 7, ""20"": 8, ""22"": 8, ""24"": 8, ""26"": 1, ""28"": 8, ""30"": 8, ""4"": 8, ""6"": 8, ""8"": 8}",1,8,0,8,81,8,20,not-derived,88.89,6e7af8e6dd48cda91a198247c7ac18346ca15a5828a48f84babe97a7f09bff64,reviews\setlist\sitting_on_top_of_the_world\canonical\sitting-on-top-of-the-world.tg,2026-08-01T06:32:45.725814,candidate
1,Rhythm / Backing Chords,9,113,406,0,57,"{""2.0"": 98, ""4.0"": 15}","{""0"": 8, ""10"": 1, ""12"": 8, ""14"": 8, ""16"": 8, ""18"": 8, ""2"": 7, ""20"": 8, ""22"": 8, ""24"": 8, ""26"": 1, ""28"": 8, ""30"": 8, ""4"": 8, ""6"": 8, ""8"": 8}",1,8,0,8,81,8,20,not-derived,88.89,7a897bdb55d9cc49a4d8ef8ce7174dfdca9adc5ca49c7fedcc6108e958670677,reviews\setlist\sitting_on_top_of_the_world\phrase_review\sitting-on-top-of-the-world-Phrase-Review.tg,2026-08-01T06:44:12.941295,candidate
1,Rhythm / Backing Chords,19,108,396,0,39,"{""2.0"": 72, ""4.0"": 36}","{""0"": 9, ""12"": 9, ""14"": 9, ""16"": 9, ""20"": 9, ""22"": 9, ""24"": 9, ""28"": 9, ""30"": 9, ""4"": 9, ""6"": 9, ""8"": 9}",45,9,0,9,72,0,8,not-derived,47.37,65d6ee71dddea9477c378e43f9d481b9a3a7e0501436571cd15edb22fd426f74,reviews\setlist\somehow_tonight\bh_5432_review\somehow-tonight-BH5432-Review.tg,2026-08-01T06:32:47.210720,candidate
1,Rhythm / Backing Chords,17,16,77,0,13,"{""32.0"": 16}","{""8"": 16}",0,0,16,0,0,0,2,not-derived,94.12,bc38e28126e8d622c37475c39867782fd71d81e2e7bd7aec6a7b7451adbcb7eb,reviews\setlist\somehow_tonight\canonical\somehow-tonight.tg,2026-08-01T06:32:47.732910,candidate
1,Rhythm / Backing Chords,17,16,77,0,13,"{""32.0"": 16}","{""8"": 16}",0,0,16,0,0,0,2,not-derived,94.12,a264a29d78167e34a57defb75aac575a7eb42b3736da9bcaf771a276de630f93,reviews\setlist\somehow_tonight\phrase_review\somehow-tonight-Phrase-Review.tg,2026-08-01T06:44:12.826948,candidate
1,Rhythm / Backing Chords,25,288,1139,0,100,"{""2.0"": 192, ""4.0"": 96}","{""0"": 24, ""12"": 24, ""14"": 24, ""16"": 24, ""20"": 24, ""22"": 24, ""24"": 24, ""28"": 24, ""30"": 24, ""4"": 24, ""6"": 24, ""8"": 24}",1,24,0,24,192,0,14,not-derived,96.0,e34997a1651a29c7f18bbf77bc343a2bd9d62e4e708cd5c614e08f0016463d9e,reviews\setlist\southern_flavor\canonical\southern-flavor.tg,2026-08-01T06:32:49.310157,candidate
1,Rhythm / Backing Chords,25,288,1139,0,100,"{""2.0"": 192, ""4.0"": 96}","{""0"": 24, ""12"": 24, ""14"": 24, ""16"": 24, ""20"": 24, ""22"": 24, ""24"": 24, ""28"": 24, ""30"": 24, ""4"": 24, ""6"": 24, ""8"": 24}",1,24,0,24,192,0,14,not-derived,96.0,ccb49c025e149ff7f98a905840b68c599b69db1c2355c3c92cc3c864d3967007,reviews\setlist\southern_flavor\phrase_review\southern-flavor-Phrase-Review.tg,2026-08-01T06:44:12.966928,candidate
1,Rhythm / Backing Chords,27,296,1138,0,178,"{""2.0"": 176, ""4.0"": 120}","{""0"": 26, ""12"": 26, ""14"": 22, ""16"": 26, ""20"": 26, ""22"": 22, ""24"": 26, ""28"": 26, ""30"": 22, ""4"": 26, ""6"": 22, ""8"": 26}",1,26,0,26,192,0,14,not-derived,96.3,17b35b817fa00fbe986a6a04067aef49a079a4eae21b978aeb8e7c1003d63fc8,reviews\setlist\trail_of_tears\canonical\trail-of-tears.tg,2026-08-01T06:32:49.826662,candidate
1,Rhythm / Backing Chords,27,296,1138,0,178,"{""2.0"": 176, ""4.0"": 120}","{""0"": 26, ""12"": 26, ""14"": 22, ""16"": 26, ""20"": 26, ""22"": 22, ""24"": 26, ""28"": 26, ""30"": 22, ""4"": 26, ""6"": 22, ""8"": 26}",1,26,0,26,192,0,14,not-derived,96.3,81208ac67961fffcb234af8b7ae5a1788e164f6f27bc5ef433b48a3226d0a29e,reviews\setlist\trail_of_tears\phrase_review\trail-of-tears-Phrase-Review.tg,2026-08-01T12:06:28.080692,candidate
1,Canonical Rhythm,49,321,1293,216,276,"{""4.0"": 261, ""8.0"": 60}","{""0"": 39, ""16"": 48, ""20"": 48, ""24"": 45, ""28"": 48, ""4"": 45, ""8"": 48}",4,48,0,48,141,0,13,not-derived,97.96,ad4d49a648690d3026aba8568c6ddaf0b68191181c49fad188c38ae50143e1b6,reviews\setlist\walls_of_time\bh_5432_review\walls-of-time-BH5432-Review.tg,2026-08-01T12:37:57.101686,candidate
1,Canonical Rhythm,49,321,1293,216,276,"{""4.0"": 261, ""8.0"": 60}","{""0"": 39, ""16"": 48, ""20"": 48, ""24"": 45, ""28"": 48, ""4"": 45, ""8"": 48}",4,48,0,48,141,0,13,not-derived,97.96,d812741df1b99a71ebeaecc8fa08d3e0d8a8d25dfd9424e89b987a9e1a633232,reviews\setlist\walls_of_time\canonical\walls-of-time.tg,2026-08-01T12:37:57.065155,candidate
1,Canonical Rhythm,49,321,1293,216,276,"{""4.0"": 261, ""8.0"": 60}","{""0"": 39, ""16"": 48, ""20"": 48, ""24"": 45, ""28"": 48, ""4"": 45, ""8"": 48}",4,48,0,48,141,0,13,not-derived,97.96,834942a3127f0ad7adfbab8080860cd0d8a499376e1df5d81a79f749b60419cd,reviews\setlist\walls_of_time\phrase_review\walls-of-time-Phrase-Review.tg,2026-08-01T12:37:57.133360,candidate
1,Rhythm / Backing Chords,17,190,710,0,104,"{""2.0"": 130, ""4.0"": 60}","{""0"": 16, ""12"": 16, ""14"": 16, ""16"": 16, ""20"": 16, ""22"": 16, ""24"": 16, ""26"": 2, ""28"": 16, ""30"": 16, ""4"": 14, ""6"": 14, ""8"": 16}",7,16,0,16,126,0,16,not-derived,94.12,85f104730d752c610c1c7c1d791298af53728cda3215621c3f220820e2dc22fa,reviews\setlist\walls_of_time\repair_snapshot_before_source_authority\walls-of-time-BH5432-Review.tg,2026-08-01T08:04:22.609832,candidate
1,Rhythm / Backing Chords,17,16,78,0,14,"{""32.0"": 16}","{""8"": 16}",0,0,16,0,0,0,4,not-derived,94.12,8bdd9f16c607e0713d07550582c9dcb19cfcb0dfee14d2b07a21d2b945553bfa,reviews\setlist\walls_of_time\repair_snapshot_before_source_authority\walls-of-time-Phrase-Review.tg,2026-08-01T06:44:12.684053,candidate
1,Rhythm / Backing Chords,17,16,78,0,14,"{""32.0"": 16}","{""8"": 16}",0,0,16,0,0,0,4,not-derived,94.12,6963a7c2196cbb2e5f029434e4c94675a4e2baa6bb9531d10ac86c7c8deeb4c4,reviews\setlist\walls_of_time\repair_snapshot_before_source_authority\walls-of-time.tg,2026-08-01T06:32:51.949804,candidate
1,Track 1,49,321,1293,216,276,"{""4.0"": 261, ""8.0"": 60}","{""0"": 39, ""16"": 48, ""20"": 48, ""24"": 45, ""28"": 48, ""4"": 45, ""8"": 48}",4,48,0,48,141,0,13,not-derived,97.96,49309abaf32b5dc91ed9ce243cb0dd9136da53168b507146382957a43ea00a52,reviews\setlist\walls_of_time\source_working_copy\walls-of-time-source.tg,2026-07-17T19:41:31.084016,authority
